{"loss": [0.6363185048103333, 0.5984921455383301, 0.5653223991394043, 0.5275154709815979, 0.4912613332271576, 0.45893049240112305, 0.4353148937225342, 0.4157343804836273, 0.4011496603488922, 0.3902747929096222, 0.38331350684165955, 0.3764925003051758, 0.37089863419532776, 0.36561188101768494, 0.3615815341472626, 0.3578346073627472, 0.3549838662147522, 0.35155153274536133, 0.3481634855270386, 0.3453754484653473, 0.34325093030929565, 0.34130266308784485, 0.3387400805950165, 0.3362167775630951, 0.3343518078327179, 0.33250346779823303, 0.32970020174980164, 0.32804185152053833, 0.3263087272644043, 0.3256279230117798, 0.3226592540740967, 0.3218439817428589, 0.3203142583370209, 0.318200021982193, 0.3173653483390808, 0.3155337870121002, 0.3141350746154785, 0.3135674297809601, 0.31096547842025757, 0.3108791410923004, 0.30889761447906494, 0.30806076526641846, 0.30710893869400024, 0.30721139907836914, 0.305054634809494, 0.30451875925064087, 0.3022517263889313, 0.30246078968048096, 0.3002914786338806, 0.29974156618118286, 0.29948338866233826, 0.2980386018753052, 0.2967272698879242, 0.295360803604126, 0.2958248555660248, 0.29528480768203735, 0.29327887296676636, 0.29340219497680664, 0.29242372512817383, 0.2921309769153595], "accuracy": [0.7698513865470886, 0.8225857615470886, 0.8360174894332886, 0.843861997127533, 0.8500415682792664, 0.8573257923126221, 0.8620324730873108, 0.863969624042511, 0.8669633269309998, 0.8680359125137329, 0.8689804673194885, 0.8699570298194885, 0.8708215355873108, 0.8710936903953552, 0.8726145625114441, 0.8732069134712219, 0.8730628490447998, 0.8741034269332886, 0.8741834759712219, 0.8742635250091553, 0.8752720952033997, 0.8750640153884888, 0.8749518990516663, 0.8764407634735107, 0.8767129182815552, 0.8768730163574219, 0.8780897259712219, 0.8782498240470886, 0.8776574730873108, 0.8775454163551331, 0.8792263865470886, 0.8782658576965332, 0.8786340355873108, 0.8792424201965332, 0.8787140846252441, 0.8803310394287109, 0.8797706961631775, 0.8794345259666443, 0.8820599913597107, 0.8800908923149109, 0.8814516663551331, 0.8811154961585999, 0.8811955451965332, 0.8806031942367554, 0.8816598057746887, 0.8820599913597107, 0.8832446932792664, 0.8824602365493774, 0.8830845952033997, 0.8827323913574219, 0.8824442625045776, 0.8831966519355774, 0.8841732144355774, 0.8842692971229553, 0.883901059627533, 0.8829565048217773, 0.8839170932769775, 0.8833567500114441, 0.8837569952011108, 0.8840131163597107], "f1": [0.5774498581886292, 0.7196275591850281, 0.7502864599227905, 0.765907347202301, 0.7768538594245911, 0.788995087146759, 0.7976140379905701, 0.8013930916786194, 0.8059317469596863, 0.8071948289871216, 0.8088118433952332, 0.8100993633270264, 0.8115204572677612, 0.8119571208953857, 0.8138059973716736, 0.8145286440849304, 0.8148078918457031, 0.8161929845809937, 0.816776692867279, 0.8171277046203613, 0.8180055618286133, 0.8178338408470154, 0.8179636001586914, 0.8198916912078857, 0.8201919198036194, 0.8205259442329407, 0.8220836520195007, 0.8225246667861938, 0.8217235803604126, 0.8214893937110901, 0.8238534331321716, 0.8228662014007568, 0.8230268359184265, 0.8240289092063904, 0.8233292102813721, 0.8254849910736084, 0.8246964812278748, 0.8245626091957092, 0.8278135061264038, 0.8251959681510925, 0.8269819617271423, 0.8265358209609985, 0.8269155025482178, 0.8258615732192993, 0.8273381590843201, 0.8279180526733398, 0.8294234871864319, 0.8284738659858704, 0.8295563459396362, 0.8287150263786316, 0.8283503651618958, 0.8294530510902405, 0.8306533098220825, 0.8308175206184387, 0.8303625583648682, 0.8290665149688721, 0.8303264379501343, 0.8294317126274109, 0.8299333453178406, 0.8307204246520996], "f2": [0.55709308385849, 0.7589356899261475, 0.807794451713562, 0.8326113820075989, 0.847832202911377, 0.8639875054359436, 0.8772419691085815, 0.8836963176727295, 0.8894330263137817, 0.8901304006576538, 0.8920344710350037, 0.8934244513511658, 0.8955508470535278, 0.8961933851242065, 0.8975152969360352, 0.8980357646942139, 0.8989754319190979, 0.900529146194458, 0.901701807975769, 0.9031251072883606, 0.9025164842605591, 0.9024965763092041, 0.9039818048477173, 0.9051329493522644, 0.9049969911575317, 0.9062090516090393, 0.9070053696632385, 0.9077751636505127, 0.9074889421463013, 0.9068892002105713, 0.9091097116470337, 0.9089786410331726, 0.908669114112854, 0.909994900226593, 0.9096484184265137, 0.9108285903930664, 0.9107735753059387, 0.9107562899589539, 0.9129668474197388, 0.9112792015075684, 0.9123293161392212, 0.912250280380249, 0.9128218293190002, 0.9115508794784546, 0.9130465388298035, 0.9134486317634583, 0.9142707586288452, 0.9136959314346313, 0.9155161380767822, 0.9137505888938904, 0.9136286377906799, 0.9145171642303467, 0.9155264496803284, 0.9155526161193848, 0.9150760769844055, 0.9147757291793823, 0.9155365228652954, 0.9147757887840271, 0.9149357676506042, 0.9163119792938232], "precision": [0.6148982644081116, 0.6624435186386108, 0.6707056760787964, 0.6756870746612549, 0.6817325949668884, 0.6892814040184021, 0.6928035020828247, 0.693711519241333, 0.696890115737915, 0.6986961364746094, 0.6999717354774475, 0.7011168599128723, 0.7017735242843628, 0.7019867897033691, 0.7043218016624451, 0.7052311897277832, 0.704824686050415, 0.705996572971344, 0.7059606313705444, 0.7052085995674133, 0.7075772881507874, 0.7072550654411316, 0.7059983015060425, 0.7086610794067383, 0.709398627281189, 0.7088255286216736, 0.7111155986785889, 0.7112070918083191, 0.7099036574363708, 0.7100496292114258, 0.7124913930892944, 0.7106586694717407, 0.7112939953804016, 0.7119361758232117, 0.7108972072601318, 0.7139856815338135, 0.7124707698822021, 0.7122218608856201, 0.7164414525032043, 0.7129490971565247, 0.7154350280761719, 0.714626133441925, 0.7147983312606812, 0.7139973640441895, 0.7154110670089722, 0.7161561250686646, 0.7183195948600769, 0.7170124053955078, 0.7173070311546326, 0.7174379825592041, 0.716834545135498, 0.7181251645088196, 0.7194874286651611, 0.7197891473770142, 0.7193694114685059, 0.717087984085083, 0.7188234329223633, 0.7178167700767517, 0.7186549305915833, 0.718814492225647], "recall": [0.5443009734153748, 0.7876169681549072, 0.8512945771217346, 0.8839335441589355, 0.9028239250183105, 0.9224381446838379, 0.9397897124290466, 0.9486470222473145, 0.9554263949394226, 0.9555850625038147, 0.9577316641807556, 0.9591983556747437, 0.9619559049606323, 0.9627824425697327, 0.9635930061340332, 0.9639175534248352, 0.9654619097709656, 0.9671522378921509, 0.9688606262207031, 0.9712719917297363, 0.9692758917808533, 0.9693984985351562, 0.9721360206604004, 0.972540557384491, 0.9719977974891663, 0.9740166068077087, 0.9740878343582153, 0.9751549959182739, 0.9753558039665222, 0.9744214415550232, 0.9764764904975891, 0.9771507978439331, 0.9764041304588318, 0.9780152440071106, 0.9780055284500122, 0.9782537221908569, 0.9788872599601746, 0.9789799451828003, 0.9801849126815796, 0.9793916940689087, 0.9797375798225403, 0.980003297328949, 0.9807469248771667, 0.9792900681495667, 0.9807830452919006, 0.9810130000114441, 0.9811853170394897, 0.980968177318573, 0.983454167842865, 0.9808480143547058, 0.9809544682502747, 0.9816310405731201, 0.982448399066925, 0.982345461845398, 0.9818553924560547, 0.9824891686439514, 0.982772946357727, 0.9821478128433228, 0.9819865226745605, 0.9838942289352417], "fn": [8224.0, 3835.0, 2688.0, 2095.0, 1755.0, 1401.0, 1088.0, 928.0, 805.0, 802.0, 764.0, 737.0, 687.0, 672.0, 657.0, 651.0, 624.0, 593.0, 563.0, 519.0, 555.0, 553.0, 503.0, 496.0, 506.0, 469.0, 468.0, 449.0, 445.0, 462.0, 425.0, 413.0, 426.0, 397.0, 397.0, 393.0, 381.0, 380.0, 358.0, 372.0, 366.0, 361.0, 348.0, 374.0, 347.0, 343.0, 340.0, 344.0, 299.0, 346.0, 344.0, 332.0, 317.0, 319.0, 328.0, 316.0, 311.0, 322.0, 325.0, 291.0],